<BackupInst xmlns="http://www.microsoft.com/GroupPolicy/GPOOperations/Manifest"><GPOGuid><![CDATA[{7890CEB6-3407-444D-B5D4-4D410566D69B}]]></GPOGuid><GPODomain><![CDATA[wilmatest.com]]></GPODomain><GPODomainGuid><![CDATA[{e89be4fa-097f-4bb7-aaef-b482ed7de1d3}]]></GPODomainGuid><GPODomainController><![CDATA[wilma.wilmatest.com]]></GPODomainController><BackupTime><![CDATA[2013-07-12T15:13:22]]></BackupTime><ID><![CDATA[{D30B9501-01F1-47C1-BF14-1ACDA5F9739E}]]></ID><Comment><![CDATA[Latest from Wilma]]></Comment><GPODisplayName><![CDATA[Staff Group Policy]]></GPODisplayName></BackupInst>
