<Backups xmlns="http://www.microsoft.com/GroupPolicy/GPOOperations/Manifest" xmlns:mfst="http://www.microsoft.com/GroupPolicy/GPOOperations/Manifest" mfst:version="1.0"><BackupInst><GPOGuid><![CDATA[{A45E3759-7832-434C-B20D-ABD5E8623F04}]]></GPOGuid><GPODomain><![CDATA[wilmatest.com]]></GPODomain><GPODomainGuid><![CDATA[{e89be4fa-097f-4bb7-aaef-b482ed7de1d3}]]></GPODomainGuid><GPODomainController><![CDATA[wilma.wilmatest.com]]></GPODomainController><BackupTime><![CDATA[2013-07-12T15:13:25]]></BackupTime><ID><![CDATA[{8A7FD9DE-1C1C-4572-8895-81E8735A24C9}]]></ID><Comment><![CDATA[Latest from Wilma]]></Comment><GPODisplayName><![CDATA[Tech Group Policy]]></GPODisplayName></BackupInst><BackupInst><GPOGuid><![CDATA[{F7975AF1-20C4-4B79-86A0-E31F198BF8ED}]]></GPOGuid><GPODomain><![CDATA[wilmatest.com]]></GPODomain><GPODomainGuid><![CDATA[{e89be4fa-097f-4bb7-aaef-b482ed7de1d3}]]></GPODomainGuid><GPODomainController><![CDATA[wilma.wilmatest.com]]></GPODomainController><BackupTime><![CDATA[2013-07-12T15:13:24]]></BackupTime><ID><![CDATA[{5CD806F4-A588-413B-9D45-4134B5A12F5A}]]></ID><Comment><![CDATA[Latest from Wilma]]></Comment><GPODisplayName><![CDATA[Student Staff Group Policy]]></GPODisplayName></BackupInst><BackupInst><GPOGuid><![CDATA[{7761461A-412C-468A-ADF9-38AC5C49D373}]]></GPOGuid><GPODomain><![CDATA[wilmatest.com]]></GPODomain><GPODomainGuid><![CDATA[{e89be4fa-097f-4bb7-aaef-b482ed7de1d3}]]></GPODomainGuid><GPODomainController><![CDATA[wilma.wilmatest.com]]></GPODomainController><BackupTime><![CDATA[2013-07-12T15:13:23]]></BackupTime><ID><![CDATA[{0F486DF2-0198-4C24-9FF6-E7E77BDC6D85}]]></ID><Comment><![CDATA[Latest from Wilma]]></Comment><GPODisplayName><![CDATA[Student Group Policy]]></GPODisplayName></BackupInst><BackupInst><GPOGuid><![CDATA[{7890CEB6-3407-444D-B5D4-4D410566D69B}]]></GPOGuid><GPODomain><![CDATA[wilmatest.com]]></GPODomain><GPODomainGuid><![CDATA[{e89be4fa-097f-4bb7-aaef-b482ed7de1d3}]]></GPODomainGuid><GPODomainController><![CDATA[wilma.wilmatest.com]]></GPODomainController><BackupTime><![CDATA[2013-07-12T15:13:22]]></BackupTime><ID><![CDATA[{D30B9501-01F1-47C1-BF14-1ACDA5F9739E}]]></ID><Comment><![CDATA[Latest from Wilma]]></Comment><GPODisplayName><![CDATA[Staff Group Policy]]></GPODisplayName></BackupInst><BackupInst><GPOGuid><![CDATA[{2D23FD24-6257-4DD5-8C7D-DC4024AD8316}]]></GPOGuid><GPODomain><![CDATA[wilmatest.com]]></GPODomain><GPODomainGuid><![CDATA[{e89be4fa-097f-4bb7-aaef-b482ed7de1d3}]]></GPODomainGuid><GPODomainController><![CDATA[wilma.wilmatest.com]]></GPODomainController><BackupTime><![CDATA[2013-07-12T15:13:21]]></BackupTime><ID><![CDATA[{E426FCD2-A447-4717-8F57-9AA5BFAE9880}]]></ID><Comment><![CDATA[Latest from Wilma]]></Comment><GPODisplayName><![CDATA[Office Staff Group Policy]]></GPODisplayName></BackupInst><BackupInst><GPOGuid><![CDATA[{71B192E2-88A8-49C5-881D-672BF43E492C}]]></GPOGuid><GPODomain><![CDATA[wilmatest.com]]></GPODomain><GPODomainGuid><![CDATA[{e89be4fa-097f-4bb7-aaef-b482ed7de1d3}]]></GPODomainGuid><GPODomainController><![CDATA[wilma.wilmatest.com]]></GPODomainController><BackupTime><![CDATA[2013-07-12T15:13:20]]></BackupTime><ID><![CDATA[{9365AA0F-5896-4FA0-8AE8-95FCC03B7D9B}]]></ID><Comment><![CDATA[Latest from Wilma]]></Comment><GPODisplayName><![CDATA[Non Teaching Staff Group Policy]]></GPODisplayName></BackupInst><BackupInst><GPOGuid><![CDATA[{2DE7701E-782E-4D84-A86B-CABD1618BDE3}]]></GPOGuid><GPODomain><![CDATA[wilmatest.com]]></GPODomain><GPODomainGuid><![CDATA[{e89be4fa-097f-4bb7-aaef-b482ed7de1d3}]]></GPODomainGuid><GPODomainController><![CDATA[wilma.wilmatest.com]]></GPODomainController><BackupTime><![CDATA[2013-07-12T15:13:19]]></BackupTime><ID><![CDATA[{FF6A7998-0900-4240-A622-07A497BDA8F2}]]></ID><Comment><![CDATA[Latest from Wilma]]></Comment><GPODisplayName><![CDATA[IT Admin Group Policy]]></GPODisplayName></BackupInst><BackupInst><GPOGuid><![CDATA[{DB3C0D8E-BA26-4728-98A1-D26ABEBF322E}]]></GPOGuid><GPODomain><![CDATA[wilmatest.com]]></GPODomain><GPODomainGuid><![CDATA[{e89be4fa-097f-4bb7-aaef-b482ed7de1d3}]]></GPODomainGuid><GPODomainController><![CDATA[wilma.wilmatest.com]]></GPODomainController><BackupTime><![CDATA[2013-07-12T15:13:18]]></BackupTime><ID><![CDATA[{241BB2AE-83C9-4D21-AA9D-B90504DFD417}]]></ID><Comment><![CDATA[Latest from Wilma]]></Comment><GPODisplayName><![CDATA[Guest Users Group Policy]]></GPODisplayName></BackupInst><BackupInst><GPOGuid><![CDATA[{B93A0524-90B3-4F50-A12A-E32E07A55C8F}]]></GPOGuid><GPODomain><![CDATA[wilmatest.com]]></GPODomain><GPODomainGuid><![CDATA[{e89be4fa-097f-4bb7-aaef-b482ed7de1d3}]]></GPODomainGuid><GPODomainController><![CDATA[wilma.wilmatest.com]]></GPODomainController><BackupTime><![CDATA[2013-07-12T15:13:18]]></BackupTime><ID><![CDATA[{FC713676-13D9-4E3E-AF35-23E90CC8850F}]]></ID><Comment><![CDATA[Latest from Wilma]]></Comment><GPODisplayName><![CDATA[Governors Group Policy]]></GPODisplayName></BackupInst><BackupInst><GPOGuid><![CDATA[{50A5BEA0-250B-4D1A-B412-B48F212F35D7}]]></GPOGuid><GPODomain><![CDATA[wilmatest.com]]></GPODomain><GPODomainGuid><![CDATA[{e89be4fa-097f-4bb7-aaef-b482ed7de1d3}]]></GPODomainGuid><GPODomainController><![CDATA[wilma.wilmatest.com]]></GPODomainController><BackupTime><![CDATA[2013-07-12T15:13:17]]></BackupTime><ID><![CDATA[{432F3656-A1FF-467F-9F74-D12D2A35A829}]]></ID><Comment><![CDATA[Latest from Wilma]]></Comment><GPODisplayName><![CDATA[Exams Staff Group Policy]]></GPODisplayName></BackupInst><BackupInst><GPOGuid><![CDATA[{31B2F340-016D-11D2-945F-00C04FB984F9}]]></GPOGuid><GPODomain><![CDATA[wilmatest.com]]></GPODomain><GPODomainGuid><![CDATA[{e89be4fa-097f-4bb7-aaef-b482ed7de1d3}]]></GPODomainGuid><GPODomainController><![CDATA[wilma.wilmatest.com]]></GPODomainController><BackupTime><![CDATA[2013-07-12T15:13:15]]></BackupTime><ID><![CDATA[{F9509EF1-E773-4EF6-81B2-5D296665A9BB}]]></ID><Comment><![CDATA[Latest from Wilma]]></Comment><GPODisplayName><![CDATA[Default Domain Policy]]></GPODisplayName></BackupInst><BackupInst><GPOGuid><![CDATA[{6AC1786C-016F-11D2-945F-00C04FB984F9}]]></GPOGuid><GPODomain><![CDATA[wilmatest.com]]></GPODomain><GPODomainGuid><![CDATA[{e89be4fa-097f-4bb7-aaef-b482ed7de1d3}]]></GPODomainGuid><GPODomainController><![CDATA[wilma.wilmatest.com]]></GPODomainController><BackupTime><![CDATA[2013-07-12T15:13:13]]></BackupTime><ID><![CDATA[{18C1C08D-4AED-4609-9BF1-48126B28E60C}]]></ID><Comment><![CDATA[Latest from Wilma]]></Comment><GPODisplayName><![CDATA[Default Domain Controllers Policy]]></GPODisplayName></BackupInst></Backups>
