<BackupInst xmlns="http://www.microsoft.com/GroupPolicy/GPOOperations/Manifest"><GPOGuid><![CDATA[{5B941666-C71B-4829-BA80-582009149B29}]]></GPOGuid><GPODomain><![CDATA[artietest.com]]></GPODomain><GPODomainGuid><![CDATA[{8a9590ba-4426-4b76-9173-b05d8f8f3820}]]></GPODomainGuid><GPODomainController><![CDATA[fred.artietest.com]]></GPODomainController><BackupTime><![CDATA[2013-07-10T15:56:25]]></BackupTime><ID><![CDATA[{03A800E3-D835-49E7-A9CB-5BA4EA3B643B}]]></ID><Comment><![CDATA[Fred GPOs]]></Comment><GPODisplayName><![CDATA[IT Admin Group Policy]]></GPODisplayName></BackupInst>
