<BackupInst xmlns="http://www.microsoft.com/GroupPolicy/GPOOperations/Manifest"><GPOGuid><![CDATA[{50A5BEA0-250B-4D1A-B412-B48F212F35D7}]]></GPOGuid><GPODomain><![CDATA[wilmatest.com]]></GPODomain><GPODomainGuid><![CDATA[{e89be4fa-097f-4bb7-aaef-b482ed7de1d3}]]></GPODomainGuid><GPODomainController><![CDATA[wilma.wilmatest.com]]></GPODomainController><BackupTime><![CDATA[2013-07-12T15:13:17]]></BackupTime><ID><![CDATA[{432F3656-A1FF-467F-9F74-D12D2A35A829}]]></ID><Comment><![CDATA[Latest from Wilma]]></Comment><GPODisplayName><![CDATA[Exams Staff Group Policy]]></GPODisplayName></BackupInst>
