<BackupInst xmlns="http://www.microsoft.com/GroupPolicy/GPOOperations/Manifest"><GPOGuid><![CDATA[{AF46713A-4F3F-4625-9A56-FBBB9B57264C}]]></GPOGuid><GPODomain><![CDATA[artietest.com]]></GPODomain><GPODomainGuid><![CDATA[{8a9590ba-4426-4b76-9173-b05d8f8f3820}]]></GPODomainGuid><GPODomainController><![CDATA[fred.artietest.com]]></GPODomainController><BackupTime><![CDATA[2013-07-10T15:56:28]]></BackupTime><ID><![CDATA[{5F62704B-6D96-4FF1-B108-EDFFC185306E}]]></ID><Comment><![CDATA[Fred GPOs]]></Comment><GPODisplayName><![CDATA[Staff Group Policy]]></GPODisplayName></BackupInst>
