<?xml version="1.0" encoding="utf-8"?>
<!-- Copyright (c) Microsoft Corporation.  All rights reserved. -->
<GroupPolicyBackupScheme bkp:version="1.0" bkp:type="GroupPolicyBackupTemplate" xmlns:bkp="http://www.microsoft.com/GroupPolicy/GPOOperations" xmlns="http://www.microsoft.com/GroupPolicy/GPOOperations">
    <GroupPolicyObject><SecurityGroups><Group bkp:Source="FromDACL"><Sid><![CDATA[S-1-5-21-359638366-2183728951-1509397003-519]]></Sid><SamAccountName><![CDATA[Enterprise Admins]]></SamAccountName><Type><![CDATA[UniversalGroup]]></Type><NetBIOSDomainName><![CDATA[WILMATEST]]></NetBIOSDomainName><DnsDomainName><![CDATA[wilmatest.com]]></DnsDomainName><UPN><![CDATA[Enterprise Admins@wilmatest.com]]></UPN></Group><Group bkp:Source="FromDACL"><Sid><![CDATA[S-1-5-21-359638366-2183728951-1509397003-512]]></Sid><SamAccountName><![CDATA[Domain Admins]]></SamAccountName><Type><![CDATA[GlobalGroup]]></Type><NetBIOSDomainName><![CDATA[WILMATEST]]></NetBIOSDomainName><DnsDomainName><![CDATA[wilmatest.com]]></DnsDomainName><UPN><![CDATA[Domain Admins@wilmatest.com]]></UPN></Group></SecurityGroups><FilePaths/><GroupPolicyCoreSettings><ID><![CDATA[{7761461A-412C-468A-ADF9-38AC5C49D373}]]></ID><Domain><![CDATA[wilmatest.com]]></Domain><SecurityDescriptor>01 00 04 90 00 00 00 00 00 00 00 00 00 00 00 00 14 00 00 00 04 00 ec 00 08 00 00 00 00 02 24 00 ff 00 0f 00 01 05 00 00 00 00 00 05 15 00 00 00 5e a5 6f 15 37 0f 29 82 0b 92 f7 59 00 02 00 00 00 02 24 00 ff 00 0f 00 01 05 00 00 00 00 00 05 15 00 00 00 5e a5 6f 15 37 0f 29 82 0b 92 f7 59 07 02 00 00 00 0a 14 00 ff 00 0f 00 01 01 00 00 00 00 00 03 00 00 00 00 00 00 24 00 ff 00 0f 00 01 05 00 00 00 00 00 05 15 00 00 00 5e a5 6f 15 37 0f 29 82 0b 92 f7 59 00 02 00 00 00 02 14 00 ff 00 0f 00 01 01 00 00 00 00 00 05 12 00 00 00 00 02 14 00 94 00 02 00 01 01 00 00 00 00 00 05 0b 00 00 00 05 02 28 00 00 01 00 00 01 00 00 00 8f fd ac ed b3 ff d1 11 b4 1d 00 a0 c9 68 f9 39 01 01 00 00 00 00 00 05 0b 00 00 00 00 02 14 00 94 00 02 00 01 01 00 00 00 00 00 05 09 00 00 00</SecurityDescriptor><DisplayName><![CDATA[Student Group Policy]]></DisplayName><Options><![CDATA[0]]></Options><UserVersionNumber><![CDATA[131074]]></UserVersionNumber><MachineVersionNumber><![CDATA[65537]]></MachineVersionNumber><MachineExtensionGuids><![CDATA[[{35378EAC-683F-11D2-A89A-00C04FBBCFA2}{0F6B957D-509E-11D1-A7CC-0000F87571E3}]]]></MachineExtensionGuids><UserExtensionGuids><![CDATA[[{35378EAC-683F-11D2-A89A-00C04FBBCFA2}{0F6B957E-509E-11D1-A7CC-0000F87571E3}][{A2E30F80-D7DE-11D2-BBDE-00C04F86AE3B}{FC715823-C5FB-11D1-9EEF-00A0C90347FF}]]]></UserExtensionGuids><WMIFilter/></GroupPolicyCoreSettings> 
        <!-- Registry Client Side Extension files. registry.pol and the adm files located under adm directory --> 
        <GroupPolicyExtension bkp:ID="{35378EAC-683F-11D2-A89A-00C04FBBCFA2}" bkp:DescName="Registry">
            <FSObjectFile bkp:Path="%GPO_MACH_FSPATH%\registry.pol" bkp:SourceExpandedPath="\\wilma.wilmatest.com\sysvol\wilmatest.com\Policies\{7761461A-412C-468A-ADF9-38AC5C49D373}\Machine\registry.pol" bkp:Location="DomainSysvol\GPO\Machine\registry.pol"/>
            <FSObjectFile bkp:Path="%GPO_USER_FSPATH%\registry.pol" bkp:SourceExpandedPath="\\wilma.wilmatest.com\sysvol\wilmatest.com\Policies\{7761461A-412C-468A-ADF9-38AC5C49D373}\User\registry.pol" bkp:Location="DomainSysvol\GPO\User\registry.pol"/>
            <FSObjectFile bkp:Path="%GPO_FSPATH%\Adm\*.*" bkp:SourceExpandedPath="\\wilma.wilmatest.com\sysvol\wilmatest.com\Policies\{7761461A-412C-468A-ADF9-38AC5C49D373}\Adm\*.*"><FSObjectFile bkp:Path="%GPO_FSPATH%\Adm\system.adm" bkp:SourceExpandedPath="\\wilma.wilmatest.com\sysvol\wilmatest.com\Policies\{7761461A-412C-468A-ADF9-38AC5C49D373}\Adm\system.adm" bkp:Location="DomainSysvol\GPO\Adm\system.adm"/><FSObjectFile bkp:Path="%GPO_FSPATH%\Adm\conf.adm" bkp:SourceExpandedPath="\\wilma.wilmatest.com\sysvol\wilmatest.com\Policies\{7761461A-412C-468A-ADF9-38AC5C49D373}\Adm\conf.adm" bkp:Location="DomainSysvol\GPO\Adm\conf.adm"/><FSObjectFile bkp:Path="%GPO_FSPATH%\Adm\wmplayer.adm" bkp:SourceExpandedPath="\\wilma.wilmatest.com\sysvol\wilmatest.com\Policies\{7761461A-412C-468A-ADF9-38AC5C49D373}\Adm\wmplayer.adm" bkp:Location="DomainSysvol\GPO\Adm\wmplayer.adm"/><FSObjectFile bkp:Path="%GPO_FSPATH%\Adm\inetres.adm" bkp:SourceExpandedPath="\\wilma.wilmatest.com\sysvol\wilmatest.com\Policies\{7761461A-412C-468A-ADF9-38AC5C49D373}\Adm\inetres.adm" bkp:Location="DomainSysvol\GPO\Adm\inetres.adm"/><FSObjectFile bkp:Path="%GPO_FSPATH%\Adm\admfiles.ini" bkp:SourceExpandedPath="\\wilma.wilmatest.com\sysvol\wilmatest.com\Policies\{7761461A-412C-468A-ADF9-38AC5C49D373}\Adm\admfiles.ini" bkp:Location="DomainSysvol\GPO\Adm\admfiles.ini"/><FSObjectFile bkp:Path="%GPO_FSPATH%\Adm\wuau.adm" bkp:SourceExpandedPath="\\wilma.wilmatest.com\sysvol\wilmatest.com\Policies\{7761461A-412C-468A-ADF9-38AC5C49D373}\Adm\wuau.adm" bkp:Location="DomainSysvol\GPO\Adm\wuau.adm"/></FSObjectFile>
        </GroupPolicyExtension>
        <!-- Remote Installation Extension. copy oscfilter.ini -->
        
        <!-- Folder Redirection Client Side Extension files. fdeploy.ini and Reevaluate to remove appropriate security groups in cross domain copy  -->
        
        <!-- Scripts Client Side Extension files. scripts.ini and scripts located in the GPO -->
        <!-- Reevaluate to notify about out of GPO scripts -->
        
        <!-- IE Client Side Extension files. Recursive copy of the directory -->
        <GroupPolicyExtension bkp:ID="{A2E30F80-D7DE-11d2-BBDE-00C04F86AE3B}" bkp:DescName="Internet Explorer Branding">
            <FSObjectDir bkp:Path="%GPO_USER_FSPATH%\microsoft\IEAK\*" bkp:SourceExpandedPath="\\wilma.wilmatest.com\sysvol\wilmatest.com\Policies\{7761461A-412C-468A-ADF9-38AC5C49D373}\User\microsoft\IEAK\*"><FSObjectDir bkp:Path="%GPO_USER_FSPATH%\microsoft\IEAK" bkp:SourceExpandedPath="\\wilma.wilmatest.com\sysvol\wilmatest.com\Policies\{7761461A-412C-468A-ADF9-38AC5C49D373}\User\microsoft\IEAK" bkp:Location="DomainSysvol\GPO\User\microsoft\IEAK"/><FSObjectDir bkp:Path="%GPO_USER_FSPATH%\microsoft\IEAK\LOCK" bkp:SourceExpandedPath="\\wilma.wilmatest.com\sysvol\wilmatest.com\Policies\{7761461A-412C-468A-ADF9-38AC5C49D373}\User\microsoft\IEAK\LOCK" bkp:Location="DomainSysvol\GPO\User\microsoft\IEAK\LOCK"/></FSObjectDir>
            <FSObjectFile bkp:Path="%GPO_USER_FSPATH%\microsoft\IEAK\*.*" bkp:SourceExpandedPath="\\wilma.wilmatest.com\sysvol\wilmatest.com\Policies\{7761461A-412C-468A-ADF9-38AC5C49D373}\User\microsoft\IEAK\*.*"><FSObjectFile bkp:Path="%GPO_USER_FSPATH%\microsoft\IEAK\install.ins" bkp:SourceExpandedPath="\\wilma.wilmatest.com\sysvol\wilmatest.com\Policies\{7761461A-412C-468A-ADF9-38AC5C49D373}\User\microsoft\IEAK\install.ins" bkp:Location="DomainSysvol\GPO\User\microsoft\IEAK\install.ins"/></FSObjectFile>
        </GroupPolicyExtension>
        <!-- Security Client Side Extension files. GptTmpl.inf -->
        <!-- Reevaluates to remove settings which does not make sense in cross domain copies -->
        
        <!-- IPSecurity Related stuff. -->
        
        <!-- Wireless Related Stuff. -->
        
        <!-- For Appmgmt stuff. It shld be at the end of the xml schema [For rolling back support of GPO operations on failure]-->
        
    </GroupPolicyObject>
</GroupPolicyBackupScheme>
