<BackupInst xmlns="http://www.microsoft.com/GroupPolicy/GPOOperations/Manifest"><GPOGuid><![CDATA[{7761461A-412C-468A-ADF9-38AC5C49D373}]]></GPOGuid><GPODomain><![CDATA[wilmatest.com]]></GPODomain><GPODomainGuid><![CDATA[{e89be4fa-097f-4bb7-aaef-b482ed7de1d3}]]></GPODomainGuid><GPODomainController><![CDATA[wilma.wilmatest.com]]></GPODomainController><BackupTime><![CDATA[2013-07-12T15:13:23]]></BackupTime><ID><![CDATA[{0F486DF2-0198-4C24-9FF6-E7E77BDC6D85}]]></ID><Comment><![CDATA[Latest from Wilma]]></Comment><GPODisplayName><![CDATA[Student Group Policy]]></GPODisplayName></BackupInst>
