<?xml version="1.0" encoding="utf-8"?>
<!-- Copyright (c) Microsoft Corporation.  All rights reserved. -->
<GroupPolicyBackupScheme bkp:version="1.0" bkp:type="GroupPolicyBackupTemplate" xmlns:bkp="http://www.microsoft.com/GroupPolicy/GPOOperations" xmlns="http://www.microsoft.com/GroupPolicy/GPOOperations">
    <GroupPolicyObject><SecurityGroups><Group bkp:Source="FromDACL"><Sid><![CDATA[S-1-5-21-3797722685-3107617658-218541746-519]]></Sid><SamAccountName><![CDATA[Enterprise Admins]]></SamAccountName><Type><![CDATA[UniversalGroup]]></Type><NetBIOSDomainName><![CDATA[ARTIETEST]]></NetBIOSDomainName><DnsDomainName><![CDATA[artietest.com]]></DnsDomainName><UPN><![CDATA[Enterprise Admins@artietest.com]]></UPN></Group><Group bkp:Source="FromDACL"><Sid><![CDATA[S-1-5-21-3797722685-3107617658-218541746-512]]></Sid><SamAccountName><![CDATA[Domain Admins]]></SamAccountName><Type><![CDATA[GlobalGroup]]></Type><NetBIOSDomainName><![CDATA[ARTIETEST]]></NetBIOSDomainName><DnsDomainName><![CDATA[artietest.com]]></DnsDomainName><UPN><![CDATA[Domain Admins@artietest.com]]></UPN></Group></SecurityGroups><FilePaths/><GroupPolicyCoreSettings><ID><![CDATA[{31B2F340-016D-11D2-945F-00C04FB984F9}]]></ID><Domain><![CDATA[artietest.com]]></Domain><SecurityDescriptor>01 00 04 90 00 00 00 00 00 00 00 00 00 00 00 00 14 00 00 00 04 00 ec 00 08 00 00 00 00 02 24 00 ff 00 0f 00 01 05 00 00 00 00 00 05 15 00 00 00 3d a6 5c e2 7a 7b 3a b9 b2 ae 06 0d 00 02 00 00 00 02 24 00 ff 00 0f 00 01 05 00 00 00 00 00 05 15 00 00 00 3d a6 5c e2 7a 7b 3a b9 b2 ae 06 0d 07 02 00 00 00 0a 14 00 ff 00 0f 00 01 01 00 00 00 00 00 03 00 00 00 00 00 00 24 00 ff 00 0f 00 01 05 00 00 00 00 00 05 15 00 00 00 3d a6 5c e2 7a 7b 3a b9 b2 ae 06 0d 00 02 00 00 00 02 14 00 ff 00 0f 00 01 01 00 00 00 00 00 05 12 00 00 00 00 02 14 00 94 00 02 00 01 01 00 00 00 00 00 05 0b 00 00 00 05 02 28 00 00 01 00 00 01 00 00 00 8f fd ac ed b3 ff d1 11 b4 1d 00 a0 c9 68 f9 39 01 01 00 00 00 00 00 05 0b 00 00 00 00 02 14 00 94 00 02 00 01 01 00 00 00 00 00 05 09 00 00 00</SecurityDescriptor><DisplayName><![CDATA[Default Domain Policy]]></DisplayName><Options><![CDATA[0]]></Options><UserVersionNumber><![CDATA[2293795]]></UserVersionNumber><MachineVersionNumber><![CDATA[524296]]></MachineVersionNumber><MachineExtensionGuids><![CDATA[[{35378EAC-683F-11D2-A89A-00C04FBBCFA2}{0F6B957D-509E-11D1-A7CC-0000F87571E3}{53D6AB1B-2488-11D1-A28C-00C04FB94F17}{53D6AB1D-2488-11D1-A28C-00C04FB94F17}][{827D319E-6EAC-11D2-A4EA-00C04F79F83A}{803E14A0-B4FB-11D0-A0D0-00A0C90F574B}][{B1BE8D72-6EAC-11D2-A4EA-00C04F79F83A}{53D6AB1B-2488-11D1-A28C-00C04FB94F17}{53D6AB1D-2488-11D1-A28C-00C04FB94F17}]]]></MachineExtensionGuids><UserExtensionGuids><![CDATA[[{3060E8D0-7020-11D2-842D-00C04FA372D4}{3060E8CE-7020-11D2-842D-00C04FA372D4}][{35378EAC-683F-11D2-A89A-00C04FBBCFA2}{0F6B957E-509E-11D1-A7CC-0000F87571E3}][{A2E30F80-D7DE-11D2-BBDE-00C04F86AE3B}{FC715823-C5FB-11D1-9EEF-00A0C90347FF}]]]></UserExtensionGuids><WMIFilter/></GroupPolicyCoreSettings> 
        <!-- Registry Client Side Extension files. registry.pol and the adm files located under adm directory --> 
        <GroupPolicyExtension bkp:ID="{35378EAC-683F-11D2-A89A-00C04FBBCFA2}" bkp:DescName="Registry">
            <FSObjectFile bkp:Path="%GPO_MACH_FSPATH%\registry.pol" bkp:SourceExpandedPath="\\fred.artietest.com\sysvol\artietest.com\Policies\{31B2F340-016D-11D2-945F-00C04FB984F9}\Machine\registry.pol" bkp:Location="DomainSysvol\GPO\Machine\registry.pol"/>
            <FSObjectFile bkp:Path="%GPO_USER_FSPATH%\registry.pol" bkp:SourceExpandedPath="\\fred.artietest.com\sysvol\artietest.com\Policies\{31B2F340-016D-11D2-945F-00C04FB984F9}\User\registry.pol" bkp:Location="DomainSysvol\GPO\User\registry.pol"/>
            <FSObjectFile bkp:Path="%GPO_FSPATH%\Adm\*.*" bkp:SourceExpandedPath="\\fred.artietest.com\sysvol\artietest.com\Policies\{31B2F340-016D-11D2-945F-00C04FB984F9}\Adm\*.*"><FSObjectFile bkp:Path="%GPO_FSPATH%\Adm\wuau.adm" bkp:SourceExpandedPath="\\fred.artietest.com\sysvol\artietest.com\Policies\{31B2F340-016D-11D2-945F-00C04FB984F9}\Adm\wuau.adm" bkp:Location="DomainSysvol\GPO\Adm\wuau.adm"/><FSObjectFile bkp:Path="%GPO_FSPATH%\Adm\admfiles.ini" bkp:SourceExpandedPath="\\fred.artietest.com\sysvol\artietest.com\Policies\{31B2F340-016D-11D2-945F-00C04FB984F9}\Adm\admfiles.ini" bkp:Location="DomainSysvol\GPO\Adm\admfiles.ini"/><FSObjectFile bkp:Path="%GPO_FSPATH%\Adm\conf.adm" bkp:SourceExpandedPath="\\fred.artietest.com\sysvol\artietest.com\Policies\{31B2F340-016D-11D2-945F-00C04FB984F9}\Adm\conf.adm" bkp:Location="DomainSysvol\GPO\Adm\conf.adm"/><FSObjectFile bkp:Path="%GPO_FSPATH%\Adm\system.adm" bkp:SourceExpandedPath="\\fred.artietest.com\sysvol\artietest.com\Policies\{31B2F340-016D-11D2-945F-00C04FB984F9}\Adm\system.adm" bkp:Location="DomainSysvol\GPO\Adm\system.adm"/><FSObjectFile bkp:Path="%GPO_FSPATH%\Adm\wmplayer.adm" bkp:SourceExpandedPath="\\fred.artietest.com\sysvol\artietest.com\Policies\{31B2F340-016D-11D2-945F-00C04FB984F9}\Adm\wmplayer.adm" bkp:Location="DomainSysvol\GPO\Adm\wmplayer.adm"/><FSObjectFile bkp:Path="%GPO_FSPATH%\Adm\inetres.adm" bkp:SourceExpandedPath="\\fred.artietest.com\sysvol\artietest.com\Policies\{31B2F340-016D-11D2-945F-00C04FB984F9}\Adm\inetres.adm" bkp:Location="DomainSysvol\GPO\Adm\inetres.adm"/></FSObjectFile>
        </GroupPolicyExtension>
        <!-- Remote Installation Extension. copy oscfilter.ini -->
        <GroupPolicyExtension bkp:ID="{3060E8D0-7020-11D2-842D-00C04FA372D4}" bkp:DescName="Remote Installion">
            
        </GroupPolicyExtension>
        <!-- Folder Redirection Client Side Extension files. fdeploy.ini and Reevaluate to remove appropriate security groups in cross domain copy  -->
        
        <!-- Scripts Client Side Extension files. scripts.ini and scripts located in the GPO -->
        <!-- Reevaluate to notify about out of GPO scripts -->
        
        <!-- IE Client Side Extension files. Recursive copy of the directory -->
        <GroupPolicyExtension bkp:ID="{A2E30F80-D7DE-11d2-BBDE-00C04F86AE3B}" bkp:DescName="Internet Explorer Branding">
            <FSObjectDir bkp:Path="%GPO_USER_FSPATH%\microsoft\IEAK\*" bkp:SourceExpandedPath="\\fred.artietest.com\sysvol\artietest.com\Policies\{31B2F340-016D-11D2-945F-00C04FB984F9}\User\microsoft\IEAK\*"><FSObjectDir bkp:Path="%GPO_USER_FSPATH%\microsoft\IEAK" bkp:SourceExpandedPath="\\fred.artietest.com\sysvol\artietest.com\Policies\{31B2F340-016D-11D2-945F-00C04FB984F9}\User\microsoft\IEAK" bkp:Location="DomainSysvol\GPO\User\microsoft\IEAK"/><FSObjectDir bkp:Path="%GPO_USER_FSPATH%\microsoft\IEAK\BRANDING\RATINGS" bkp:SourceExpandedPath="\\fred.artietest.com\sysvol\artietest.com\Policies\{31B2F340-016D-11D2-945F-00C04FB984F9}\User\microsoft\IEAK\BRANDING\RATINGS" bkp:Location="DomainSysvol\GPO\User\microsoft\IEAK\BRANDING\RATINGS"/><FSObjectDir bkp:Path="%GPO_USER_FSPATH%\microsoft\IEAK\BRANDING\ZONES" bkp:SourceExpandedPath="\\fred.artietest.com\sysvol\artietest.com\Policies\{31B2F340-016D-11D2-945F-00C04FB984F9}\User\microsoft\IEAK\BRANDING\ZONES" bkp:Location="DomainSysvol\GPO\User\microsoft\IEAK\BRANDING\ZONES"/><FSObjectDir bkp:Path="%GPO_USER_FSPATH%\microsoft\IEAK\BRANDING" bkp:SourceExpandedPath="\\fred.artietest.com\sysvol\artietest.com\Policies\{31B2F340-016D-11D2-945F-00C04FB984F9}\User\microsoft\IEAK\BRANDING" bkp:Location="DomainSysvol\GPO\User\microsoft\IEAK\BRANDING"/><FSObjectDir bkp:Path="%GPO_USER_FSPATH%\microsoft\IEAK\LOCK" bkp:SourceExpandedPath="\\fred.artietest.com\sysvol\artietest.com\Policies\{31B2F340-016D-11D2-945F-00C04FB984F9}\User\microsoft\IEAK\LOCK" bkp:Location="DomainSysvol\GPO\User\microsoft\IEAK\LOCK"/></FSObjectDir>
            <FSObjectFile bkp:Path="%GPO_USER_FSPATH%\microsoft\IEAK\*.*" bkp:SourceExpandedPath="\\fred.artietest.com\sysvol\artietest.com\Policies\{31B2F340-016D-11D2-945F-00C04FB984F9}\User\microsoft\IEAK\*.*"><FSObjectFile bkp:Path="%GPO_USER_FSPATH%\microsoft\IEAK\install.ins" bkp:SourceExpandedPath="\\fred.artietest.com\sysvol\artietest.com\Policies\{31B2F340-016D-11D2-945F-00C04FB984F9}\User\microsoft\IEAK\install.ins" bkp:Location="DomainSysvol\GPO\User\microsoft\IEAK\install.ins"/><FSObjectFile bkp:Path="%GPO_USER_FSPATH%\microsoft\IEAK\BRANDING\ZONES\seczones.inf" bkp:SourceExpandedPath="\\fred.artietest.com\sysvol\artietest.com\Policies\{31B2F340-016D-11D2-945F-00C04FB984F9}\User\microsoft\IEAK\BRANDING\ZONES\seczones.inf" bkp:Location="DomainSysvol\GPO\User\microsoft\IEAK\BRANDING\ZONES\seczones.inf"/><FSObjectFile bkp:Path="%GPO_USER_FSPATH%\microsoft\IEAK\BRANDING\ZONES\seczrsop.inf" bkp:SourceExpandedPath="\\fred.artietest.com\sysvol\artietest.com\Policies\{31B2F340-016D-11D2-945F-00C04FB984F9}\User\microsoft\IEAK\BRANDING\ZONES\seczrsop.inf" bkp:Location="DomainSysvol\GPO\User\microsoft\IEAK\BRANDING\ZONES\seczrsop.inf"/></FSObjectFile>
        </GroupPolicyExtension>
        <!-- Security Client Side Extension files. GptTmpl.inf -->
        <!-- Reevaluates to remove settings which does not make sense in cross domain copies -->
        <GroupPolicyExtension bkp:ID="{827D319E-6EAC-11D2-A4EA-00C04F79F83A}" bkp:DescName="Security">
            <FSObjectFile bkp:Path="%GPO_MACH_FSPATH%\microsoft\windows nt\SecEdit\GptTmpl.inf" bkp:SourceExpandedPath="\\fred.artietest.com\sysvol\artietest.com\Policies\{31B2F340-016D-11D2-945F-00C04FB984F9}\Machine\microsoft\windows nt\SecEdit\GptTmpl.inf" bkp:ReEvaluateFunction="SecurityValidateSettings" bkp:Location="DomainSysvol\GPO\Machine\microsoft\windows nt\SecEdit\GptTmpl.inf"/>
        </GroupPolicyExtension>
        <!-- IPSecurity Related stuff. -->
        
        <!-- Wireless Related Stuff. -->
        
        <!-- For Appmgmt stuff. It shld be at the end of the xml schema [For rolling back support of GPO operations on failure]-->
        
    </GroupPolicyObject>
</GroupPolicyBackupScheme>
