<BackupInst xmlns="http://www.microsoft.com/GroupPolicy/GPOOperations/Manifest"><GPOGuid><![CDATA[{8DC57446-584A-42EE-AA9B-AB6174857585}]]></GPOGuid><GPODomain><![CDATA[artietest.com]]></GPODomain><GPODomainGuid><![CDATA[{8a9590ba-4426-4b76-9173-b05d8f8f3820}]]></GPODomainGuid><GPODomainController><![CDATA[fred.artietest.com]]></GPODomainController><BackupTime><![CDATA[2013-07-08T15:52:40]]></BackupTime><ID><![CDATA[{518BC20C-479E-43CF-9A15-B3128C8899E8}]]></ID><Comment><![CDATA[]]></Comment><GPODisplayName><![CDATA[Student Desktop Security]]></GPODisplayName></BackupInst>
