<BackupInst xmlns="http://www.microsoft.com/GroupPolicy/GPOOperations/Manifest"><GPOGuid><![CDATA[{D39024F6-130C-4DA5-9484-A8DCCA53DCB4}]]></GPOGuid><GPODomain><![CDATA[artietest.com]]></GPODomain><GPODomainGuid><![CDATA[{8a9590ba-4426-4b76-9173-b05d8f8f3820}]]></GPODomainGuid><GPODomainController><![CDATA[fred.artietest.com]]></GPODomainController><BackupTime><![CDATA[2013-07-10T15:56:25]]></BackupTime><ID><![CDATA[{6E9FE6C8-EF83-4614-9A24-7CD7E8097360}]]></ID><Comment><![CDATA[Fred GPOs]]></Comment><GPODisplayName><![CDATA[Guest Users Group Policy]]></GPODisplayName></BackupInst>
