<BackupInst xmlns="http://www.microsoft.com/GroupPolicy/GPOOperations/Manifest"><GPOGuid><![CDATA[{6AC1786C-016F-11D2-945F-00C04FB984F9}]]></GPOGuid><GPODomain><![CDATA[wilmatest.com]]></GPODomain><GPODomainGuid><![CDATA[{e89be4fa-097f-4bb7-aaef-b482ed7de1d3}]]></GPODomainGuid><GPODomainController><![CDATA[wilma.wilmatest.com]]></GPODomainController><BackupTime><![CDATA[2013-07-12T15:13:13]]></BackupTime><ID><![CDATA[{18C1C08D-4AED-4609-9BF1-48126B28E60C}]]></ID><Comment><![CDATA[Latest from Wilma]]></Comment><GPODisplayName><![CDATA[Default Domain Controllers Policy]]></GPODisplayName></BackupInst>
