<Backups xmlns="http://www.microsoft.com/GroupPolicy/GPOOperations/Manifest" xmlns:mfst="http://www.microsoft.com/GroupPolicy/GPOOperations/Manifest" mfst:version="1.0"><BackupInst><GPOGuid><![CDATA[{FE1DC6B9-6AF1-4B81-9B8B-BBAC92D99E23}]]></GPOGuid><GPODomain><![CDATA[artietest.com]]></GPODomain><GPODomainGuid><![CDATA[{8a9590ba-4426-4b76-9173-b05d8f8f3820}]]></GPODomainGuid><GPODomainController><![CDATA[fred.artietest.com]]></GPODomainController><BackupTime><![CDATA[2013-07-10T15:56:32]]></BackupTime><ID><![CDATA[{C4625486-A328-4D8C-B9C7-B7DD31962C42}]]></ID><Comment><![CDATA[Fred GPOs]]></Comment><GPODisplayName><![CDATA[test policy]]></GPODisplayName></BackupInst><BackupInst><GPOGuid><![CDATA[{05A6F4F9-B899-482F-9DE5-D425479667BC}]]></GPOGuid><GPODomain><![CDATA[artietest.com]]></GPODomain><GPODomainGuid><![CDATA[{8a9590ba-4426-4b76-9173-b05d8f8f3820}]]></GPODomainGuid><GPODomainController><![CDATA[fred.artietest.com]]></GPODomainController><BackupTime><![CDATA[2013-07-10T15:56:31]]></BackupTime><ID><![CDATA[{B3011537-66E3-4D91-9650-35497F6DE04F}]]></ID><Comment><![CDATA[Fred GPOs]]></Comment><GPODisplayName><![CDATA[Tech Group Policy]]></GPODisplayName></BackupInst><BackupInst><GPOGuid><![CDATA[{721652BA-5496-436B-81DE-2F3FC5199123}]]></GPOGuid><GPODomain><![CDATA[artietest.com]]></GPODomain><GPODomainGuid><![CDATA[{8a9590ba-4426-4b76-9173-b05d8f8f3820}]]></GPODomainGuid><GPODomainController><![CDATA[fred.artietest.com]]></GPODomainController><BackupTime><![CDATA[2013-07-10T15:56:30]]></BackupTime><ID><![CDATA[{10CC2853-0AF1-4D30-934D-D117A26FE772}]]></ID><Comment><![CDATA[Fred GPOs]]></Comment><GPODisplayName><![CDATA[Student Staff Group Policy]]></GPODisplayName></BackupInst><BackupInst><GPOGuid><![CDATA[{8DC57446-584A-42EE-AA9B-AB6174857585}]]></GPOGuid><GPODomain><![CDATA[artietest.com]]></GPODomain><GPODomainGuid><![CDATA[{8a9590ba-4426-4b76-9173-b05d8f8f3820}]]></GPODomainGuid><GPODomainController><![CDATA[fred.artietest.com]]></GPODomainController><BackupTime><![CDATA[2013-07-10T15:56:29]]></BackupTime><ID><![CDATA[{A54584C0-91FC-4427-B340-0494F195D05B}]]></ID><Comment><![CDATA[Fred GPOs]]></Comment><GPODisplayName><![CDATA[Student Group Policy]]></GPODisplayName></BackupInst><BackupInst><GPOGuid><![CDATA[{AF46713A-4F3F-4625-9A56-FBBB9B57264C}]]></GPOGuid><GPODomain><![CDATA[artietest.com]]></GPODomain><GPODomainGuid><![CDATA[{8a9590ba-4426-4b76-9173-b05d8f8f3820}]]></GPODomainGuid><GPODomainController><![CDATA[fred.artietest.com]]></GPODomainController><BackupTime><![CDATA[2013-07-10T15:56:28]]></BackupTime><ID><![CDATA[{5F62704B-6D96-4FF1-B108-EDFFC185306E}]]></ID><Comment><![CDATA[Fred GPOs]]></Comment><GPODisplayName><![CDATA[Staff Group Policy]]></GPODisplayName></BackupInst><BackupInst><GPOGuid><![CDATA[{FB356127-9BBC-4913-A4EA-A5B2CC044296}]]></GPOGuid><GPODomain><![CDATA[artietest.com]]></GPODomain><GPODomainGuid><![CDATA[{8a9590ba-4426-4b76-9173-b05d8f8f3820}]]></GPODomainGuid><GPODomainController><![CDATA[fred.artietest.com]]></GPODomainController><BackupTime><![CDATA[2013-07-10T15:56:27]]></BackupTime><ID><![CDATA[{F5FB4D31-244E-4489-8585-A33E13C4B8D1}]]></ID><Comment><![CDATA[Fred GPOs]]></Comment><GPODisplayName><![CDATA[Office Staff Group Policy]]></GPODisplayName></BackupInst><BackupInst><GPOGuid><![CDATA[{B01D47FA-B9E2-4A9B-B9C6-59B1C01314DA}]]></GPOGuid><GPODomain><![CDATA[artietest.com]]></GPODomain><GPODomainGuid><![CDATA[{8a9590ba-4426-4b76-9173-b05d8f8f3820}]]></GPODomainGuid><GPODomainController><![CDATA[fred.artietest.com]]></GPODomainController><BackupTime><![CDATA[2013-07-10T15:56:26]]></BackupTime><ID><![CDATA[{27DDBDF9-2030-4D07-8D36-0294511002CD}]]></ID><Comment><![CDATA[Fred GPOs]]></Comment><GPODisplayName><![CDATA[Non Teaching Staff Group Policy]]></GPODisplayName></BackupInst><BackupInst><GPOGuid><![CDATA[{5B941666-C71B-4829-BA80-582009149B29}]]></GPOGuid><GPODomain><![CDATA[artietest.com]]></GPODomain><GPODomainGuid><![CDATA[{8a9590ba-4426-4b76-9173-b05d8f8f3820}]]></GPODomainGuid><GPODomainController><![CDATA[fred.artietest.com]]></GPODomainController><BackupTime><![CDATA[2013-07-10T15:56:25]]></BackupTime><ID><![CDATA[{03A800E3-D835-49E7-A9CB-5BA4EA3B643B}]]></ID><Comment><![CDATA[Fred GPOs]]></Comment><GPODisplayName><![CDATA[IT Admin Group Policy]]></GPODisplayName></BackupInst><BackupInst><GPOGuid><![CDATA[{D39024F6-130C-4DA5-9484-A8DCCA53DCB4}]]></GPOGuid><GPODomain><![CDATA[artietest.com]]></GPODomain><GPODomainGuid><![CDATA[{8a9590ba-4426-4b76-9173-b05d8f8f3820}]]></GPODomainGuid><GPODomainController><![CDATA[fred.artietest.com]]></GPODomainController><BackupTime><![CDATA[2013-07-10T15:56:25]]></BackupTime><ID><![CDATA[{6E9FE6C8-EF83-4614-9A24-7CD7E8097360}]]></ID><Comment><![CDATA[Fred GPOs]]></Comment><GPODisplayName><![CDATA[Guest Users Group Policy]]></GPODisplayName></BackupInst><BackupInst><GPOGuid><![CDATA[{329BC0FF-99FF-4F72-B1DC-B5C18061B2CE}]]></GPOGuid><GPODomain><![CDATA[artietest.com]]></GPODomain><GPODomainGuid><![CDATA[{8a9590ba-4426-4b76-9173-b05d8f8f3820}]]></GPODomainGuid><GPODomainController><![CDATA[fred.artietest.com]]></GPODomainController><BackupTime><![CDATA[2013-07-10T15:56:24]]></BackupTime><ID><![CDATA[{D11F744C-04C4-4F30-A69B-147E5287B183}]]></ID><Comment><![CDATA[Fred GPOs]]></Comment><GPODisplayName><![CDATA[Governors Group Policy]]></GPODisplayName></BackupInst><BackupInst><GPOGuid><![CDATA[{BAC61CCB-A93D-4CF9-ADA0-17EBCFF846E3}]]></GPOGuid><GPODomain><![CDATA[artietest.com]]></GPODomain><GPODomainGuid><![CDATA[{8a9590ba-4426-4b76-9173-b05d8f8f3820}]]></GPODomainGuid><GPODomainController><![CDATA[fred.artietest.com]]></GPODomainController><BackupTime><![CDATA[2013-07-10T15:56:23]]></BackupTime><ID><![CDATA[{4F09DBF0-49FB-4163-B76F-78663D8320B1}]]></ID><Comment><![CDATA[Fred GPOs]]></Comment><GPODisplayName><![CDATA[Exams Staff Group Policy]]></GPODisplayName></BackupInst><BackupInst><GPOGuid><![CDATA[{31B2F340-016D-11D2-945F-00C04FB984F9}]]></GPOGuid><GPODomain><![CDATA[artietest.com]]></GPODomain><GPODomainGuid><![CDATA[{8a9590ba-4426-4b76-9173-b05d8f8f3820}]]></GPODomainGuid><GPODomainController><![CDATA[fred.artietest.com]]></GPODomainController><BackupTime><![CDATA[2013-07-10T15:56:21]]></BackupTime><ID><![CDATA[{7F907883-BB47-4E1D-B9DC-A1C3967A543C}]]></ID><Comment><![CDATA[Fred GPOs]]></Comment><GPODisplayName><![CDATA[Default Domain Policy]]></GPODisplayName></BackupInst><BackupInst><GPOGuid><![CDATA[{6AC1786C-016F-11D2-945F-00C04FB984F9}]]></GPOGuid><GPODomain><![CDATA[artietest.com]]></GPODomain><GPODomainGuid><![CDATA[{8a9590ba-4426-4b76-9173-b05d8f8f3820}]]></GPODomainGuid><GPODomainController><![CDATA[fred.artietest.com]]></GPODomainController><BackupTime><![CDATA[2013-07-10T15:56:19]]></BackupTime><ID><![CDATA[{D6313845-79B6-4BC3-9917-7B222BD93A65}]]></ID><Comment><![CDATA[Fred GPOs]]></Comment><GPODisplayName><![CDATA[Default Domain Controllers Policy]]></GPODisplayName></BackupInst><BackupInst><GPOGuid><![CDATA[{8DC57446-584A-42EE-AA9B-AB6174857585}]]></GPOGuid><GPODomain><![CDATA[artietest.com]]></GPODomain><GPODomainGuid><![CDATA[{8a9590ba-4426-4b76-9173-b05d8f8f3820}]]></GPODomainGuid><GPODomainController><![CDATA[fred.artietest.com]]></GPODomainController><BackupTime><![CDATA[2013-07-08T15:52:40]]></BackupTime><ID><![CDATA[{518BC20C-479E-43CF-9A15-B3128C8899E8}]]></ID><Comment><![CDATA[]]></Comment><GPODisplayName><![CDATA[Student Desktop Security]]></GPODisplayName></BackupInst></Backups>
