<BackupInst xmlns="http://www.microsoft.com/GroupPolicy/GPOOperations/Manifest"><GPOGuid><![CDATA[{FB356127-9BBC-4913-A4EA-A5B2CC044296}]]></GPOGuid><GPODomain><![CDATA[artietest.com]]></GPODomain><GPODomainGuid><![CDATA[{8a9590ba-4426-4b76-9173-b05d8f8f3820}]]></GPODomainGuid><GPODomainController><![CDATA[fred.artietest.com]]></GPODomainController><BackupTime><![CDATA[2013-07-10T15:56:27]]></BackupTime><ID><![CDATA[{F5FB4D31-244E-4489-8585-A33E13C4B8D1}]]></ID><Comment><![CDATA[Fred GPOs]]></Comment><GPODisplayName><![CDATA[Office Staff Group Policy]]></GPODisplayName></BackupInst>
